dataset_name,species,tissue,disease,technology,spatial_scale,morphology,sample_scale,typical_tasks,accession,official_url,paper_title,paper_doi,code_url,sample_download_url,scope,notes
cSCC (Ji et al.),Homo sapiens,Skin,Cutaneous squamous cell carcinoma,Spatial Transcriptomics (ST); 10x Visium validation,Spot-level,H&E + pathology annotation,12 ST sections / 4 patients; 4 Visium sections / 2 additional patients,Spatial-domain identification; Histology-to-expression prediction; Tumor microenvironment analysis,GSE144239 (ST SubSeries); GSE144240 (SuperSeries),https://www.ncbi.nlm.nih.gov/geo/query/acc.cgi?acc=GSE144239,Multimodal Analysis of Composition and Spatial Architecture in Human Squamous Cell Carcinoma,10.1016/j.cell.2020.05.039,https://github.com/SpatialTranscriptomicsResearch/st_pipeline,,core,"Verified 2026-10-07. Cell (2020). ST patients P2/P5/P9/P10 (three replicates each); Visium patients P4/P6 (two each). The 10-patient multimodal study is not the ST-only sample count. H&E and leading-edge annotations are documented in Fig. 3 / Fig. S3. code_url is the upstream ST processing pipeline, not a full study-specific implementation. Source metadata: https://ftp.ncbi.nlm.nih.gov/geo/series/GSE144nnn/GSE144239/miniml/GSE144239_family.xml.tgz . Dataset redistribution license: To be verified."
DLPFC / spatialLIBD (HumanPilot),Homo sapiens,Dorsolateral prefrontal cortex,Neurotypical donors,10x Visium,Spot-level,H&E + cortical-layer annotation,12 sections / 3 donors,Spatial-domain identification; Morphology-aware clustering; Cross-dataset benchmarking,151507; 151508; 151509; 151510; 151669; 151670; 151671; 151672; 151673; 151674; 151675; 151676,https://github.com/LieberInstitute/HumanPilot#access-the-data,Transcriptome-scale spatial gene expression in the human dorsolateral prefrontal cortex,10.1038/s41593-020-00787-0,https://github.com/LieberInstitute/spatialLIBD,,core,"Verified 2026-10-07. Nature Neuroscience (2021). Accession field contains sample IDs, not a GEO accession. Cortical layers L1-L6 and white matter. Processed data via spatialLIBD/ExperimentHub; author README links per-sample matrices and images. Raw FASTQs and images: https://research.libd.org/globus/ (jhpce#HumanPilot10x, as stated by the paper). Dataset redistribution license: To be verified; software license does not establish data licensing."
HER2ST,Homo sapiens,Breast,HER2-positive breast cancer,Spatial Transcriptomics (original ST arrays),Spot-level,H&E + pathology annotation,36 sections / 8 patients; 8 pathologist-annotated sections,Histology-to-expression prediction; Tumor heterogeneity analysis; Spatial-domain identification,10.5281/zenodo.4751624 (version 3.0),https://zenodo.org/records/4751624,Spatial deconvolution of HER2-positive breast cancer delineates tumor-associated cell type interactions,10.1038/s41467-021-26271-2,https://github.com/almaan/her2st,,core,"Verified 2026-10-07. Nature Communications (2021). Original ST cohort, not the separate Visium validation example. Only one section per patient has pathologist annotations. Zenodo version 3.0 supplies processed counts, H&E images, annotations and spot-to-pixel mapping. Encrypted archives: consult the record and author README for version-specific passwords. Dataset record license verified through the Zenodo API: CC BY 4.0 (https://zenodo.org/api/records/4751624). Retain original attribution."
PDAC (Yousuf et al.),Homo sapiens,Pancreas,Pancreatic ductal adenocarcinoma,10x Visium,Spot-level,Histology-based pathology annotation; H&E: To be verified,8 sections; patient count: Not specified,Tumor microenvironment analysis; Cell-type annotation; Spatial-domain identification (requires spatial files),GSE205354,https://www.ncbi.nlm.nih.gov/geo/query/acc.cgi?acc=GSE205354,Spatially Resolved Multi-Omics Single-Cell Analyses Inform Mechanisms of Immune Dysfunction in Pancreatic Cancer,10.1053/j.gastro.2023.05.036,Not specified,,boundary,"Verified 2026-10-07. Gastroenterology (2023). GSM6210834-GSM6210841. GEO confirms eight fresh-frozen Visium sections and pathologist annotation transferred to spots. MINiML describes gene-count matrices, barcodes and features; public matched H&E, spatial coordinates and annotation files: To be verified. Eight sections must not be equated with eight patients. Provisional boundary scope reflects verified annotation support without independently confirmed public histology pairing. Source metadata: https://ftp.ncbi.nlm.nih.gov/geo/series/GSE205nnn/GSE205354/miniml/GSE205354_family.xml.tgz . Dataset redistribution license: To be verified."
HEST-1K (NeurIPS 2024 paper cohort),Homo sapiens; Mus musculus,26 organs,Multiple conditions; 25 cancer types,ST; 10x Visium; Visium HD; Xenium,Multi-scale,Paired H&E whole-slide images,"1,229 ST profiles / 153 cohorts / 26 organs",Histology-to-expression prediction; Cross-modal representation learning; Foundation-model pretraining; Cross-dataset benchmarking,MahmoodLab/hest (Hugging Face dataset ID),https://huggingface.co/datasets/MahmoodLab/hest,HEST-1k: A Dataset For Spatial Transcriptomics and Histology Image Analysis,10.52202/079017-1704,https://github.com/mahmoodlab/HEST,,core,"Verified 2026-10-07. NeurIPS 2024 Datasets and Benchmarks Track. Counts describe the original conference paper, not the evolving Hugging Face release. Technologies verified in paper Sec. 3.1 / Fig. 1. Current card reports an expanded collection; pin metadata version and sample IDs. Dataset card license: CC BY-NC-SA 4.0; access requires a Hugging Face account and acceptance of conditions. Original paper: https://proceedings.neurips.cc/paper_files/paper/2024/hash/60a899cc31f763be0bde781a75e04458-Abstract-Datasets_and_Benchmarks_Track.html ."
CosMx NSCLC FFPE (prototype release),Homo sapiens,Lung,Non-small-cell lung cancer,CosMx SMI prototype (targeted 960-plex RNA imaging),Cellular,IF morphology (antibody-based segmentation); matched H&E: To be verified,8 samples from 5 tissues; total cells: Not specified,Cell-type annotation; Niche analysis; Tumor microenvironment analysis,Not specified,https://brukerspatialbiology.com/products/cosmx-spatial-molecular-imager/ffpe-dataset/nsclc-ffpe-dataset/,High-plex imaging of RNA and proteins at subcellular resolution in fixed tissue by spatial molecular imaging,10.1038/s41587-022-01483-z,Not specified,,boundary,"Verified 2026-10-07. Nature Biotechnology (2022). Vendor describes 960 RNA targets for this specific archived prototype release; the technology paper describes 980 RNAs and 108 proteins across experiments, not the exact same panel definition. Cellular matrices and subcellular transcript positions. The vendor illustration shows 135,707 cells for one tissue section; it is not the collection total. IF morphology is used for segmentation; direct matched H&E pairing is not independently confirmed. Dataset redistribution license: To be verified."
Stereo-seq / MOSTA,Mus musculus,Whole embryo / multiple developing organs,Developmental atlas,Stereo-seq (DNA nanoball-patterned arrays),High-density,No matched H&E confirmed; anatomical context,Section count: To be verified,Spatial-domain identification; Cell-type annotation; Developmental atlas analysis,CNP0001543,https://db.cngb.org/stomics/mosta/,Spatiotemporal transcriptomic atlas of mouse organogenesis using DNA nanoball-patterned arrays,10.1016/j.cell.2022.04.003,https://github.com/BGIResearch/SAW,,adjacent,"Verified 2026-10-07. Cell (2022). Raw archive: https://db.cngb.org/data_resources/project/CNP0001543 . Platform geometry is 220 nm DNB diameter / 500 nm center-to-center pitch; these are native array dimensions, not effective cell or binned-map resolution. Platform source: https://en.stomics.tech/news/stomics-blog/1017.html . Matched standard H&E pairing is not independently confirmed; do not infer absence of all images. Dataset redistribution license: To be verified."
"Visium HD human colorectal cancer (FFPE, 10x release)",Homo sapiens,Sigmoid colon,Colorectal cancer,Visium HD Spatial Gene Expression (probe-based; pre-release protocol),High-density,H&E,1 section / 1 donor,Tumor microenvironment analysis; Spatial-domain identification; Super-resolution,visium-hd-cytassist-gene-expression-libraries-of-human-crc (10x page ID),https://www.10xgenomics.com/datasets/visium-hd-cytassist-gene-expression-libraries-of-human-crc,High-definition spatial transcriptomic profiling of immune cell populations in colorectal cancer,10.1038/s41588-025-02193-3,https://github.com/10XGenomics/HumanColonCancer_VisiumHD,,core,"Verified 2026-10-07. 10x dataset released 2024-03-25; linked study: Nature Genetics (2025). Visium Human Transcriptome Probe Set v2.0; Space Ranger 3.0.0. Native 2 x 2 um squares; standard 8/16 um bins are analysis aggregations, not different native capture resolutions. Source: https://www.10xgenomics.com/support/software/space-ranger/latest/analysis/outputs/space-ranger-feature-barcode-matrices . The one-sample vendor page is distinct from the full study archive GSE280318. Dataset license: CC BY 4.0."
"Xenium breast biomarkers (FFPE, 10x release)",Homo sapiens,Breast,Breast cancer (IDC/DCIS) and one normal sample,Xenium v1 (targeted imaging; custom 280-gene panel),Cellular,Post-Xenium H&E + fluorescence morphology,12 samples / 12 donors,Cell-type annotation; Tumor microenvironment analysis; Histology-to-expression prediction,xenium-ffpe-human-breast-biomarkers (10x page ID),https://www.10xgenomics.com/datasets/xenium-ffpe-human-breast-biomarkers,Biomarker Quantification in Breast Cancer using Xenium In Situ,10.64898/2025.12.08.692193,Not specified,,core,"Verified 2026-10-07. 10x dataset released 2025-12-11; companion bioRxiv preprint (2025) linked by vendor. Xenium Onboard Analysis 4.0.0; 280-gene fully custom standalone panel (includes 45 housekeeping genes). Post-instrument H&E follows CG000613; download post-Xenium images/alignment with the output bundles. Donor count is the vendor-reported count. Cell counts are per sample; no collection total inferred. Targeted RNA imaging, not whole-transcriptome sequencing. Dataset license: CC BY 4.0."
10x Visium human breast cancer (Block A Section 1),Homo sapiens,Breast,Invasive ductal carcinoma,10x Visium,Spot-level,H&E,"1 section; 3,798 observations in downloaded representation",Spatial-domain identification; Histology-to-expression prediction; Cross-dataset benchmarking,STDS0000027 (STOmicsDB dataset ID),https://www.10xgenomics.com/cn/datasets/human-breast-cancer-block-a-section-1-1-standard-1-1-0,Not specified,Not specified,Not specified,https://github.com/ChlorineHi/ST-Path-Survey/releases/download/datasets-2026-10-07/STDS0000027_ST_pathology_sample.zip,core,"Verified 2026-10-07. Original publisher: 10x Genomics (2020). AnnData/spatial files downloaded from https://db.cngb.org/stomics/datasets/STDS0000027/data and retained unchanged. Local file inspected: 3,798 observations x 36,601 genes; all expression barcodes match the included spatial-position table. Matched H&E PNG images and scale factors are included; no raw FASTQs or full-resolution WSI. Original 10x dataset license: CC BY 4.0. ZIP asset: 60,922,237 bytes; SHA256 9cd8abbb22a9a905267edf582ba91c254b2326eab8b8c451f67d19d6309fdf1b. GitHub Release upload and server SHA256 verified. Cite original 10x dataset and STOmicsDB (10.1093/nar/gkad933)."
10x Visium mouse brain (coronal),Mus musculus,Brain (coronal section),Not specified,10x Visium,Spot-level,H&E,"1 section; 2,702 observations in downloaded representation",Spatial-domain identification; Histology-to-expression prediction; Cross-dataset benchmarking,STDS0000022 (STOmicsDB dataset ID),https://www.10xgenomics.com/datasets/mouse-brain-section-coronal-1-standard-1-1-0,Not specified,Not specified,Not specified,https://github.com/ChlorineHi/ST-Path-Survey/releases/download/datasets-2026-10-07/STDS0000022_ST_pathology_sample.zip,core,"Verified 2026-10-07. Original publisher: 10x Genomics (2020). AnnData/spatial files downloaded from https://db.cngb.org/stomics/datasets/STDS0000022/data and retained unchanged. Local file inspected: 2,702 observations x 32,285 genes; all expression barcodes match the included spatial-position table. Matched H&E PNG images and scale factors are included; no raw FASTQs or full-resolution WSI. Original 10x dataset license: CC BY 4.0. ZIP asset: 47,927,716 bytes; SHA256 206e4ae9548e436f87989f85df5d8c30ca99bc65e5b053d1c7f0328ae39bd1d7. GitHub Release upload and server SHA256 verified. Cite original 10x dataset and STOmicsDB (10.1093/nar/gkad933)."
10x Visium human lymph node,Homo sapiens,Lymph node,Not specified,10x Visium,Spot-level,H&E,"1 section; 4,039 observations in downloaded representation",Spatial-domain identification; Histology-to-expression prediction; Cross-dataset benchmarking,STDS0000024 (STOmicsDB dataset ID),https://www.10xgenomics.com/datasets/human-lymph-node-1-standard-1-1-0,Not specified,Not specified,Not specified,https://github.com/ChlorineHi/ST-Path-Survey/releases/download/datasets-2026-10-07/STDS0000024_ST_pathology_sample.zip,core,"Verified 2026-10-07. Original publisher: 10x Genomics (2020). AnnData/spatial files downloaded from https://db.cngb.org/stomics/datasets/STDS0000024/data and retained unchanged. Local file inspected: 4,039 observations x 33,538 genes; all expression barcodes match the included spatial-position table. Matched H&E PNG images and scale factors are included; no raw FASTQs or full-resolution WSI. Original 10x dataset license: CC BY 4.0. ZIP asset: 58,209,658 bytes; SHA256 ec6f053bcac68981b2aae9931cbd2178201e3020cded8384c42bd8a6d2e9fe6e. GitHub Release upload and server SHA256 verified. Cite original 10x dataset and STOmicsDB (10.1093/nar/gkad933). STOmicsDB file: 4039 observations; current 10x reference page: 4035 spots. All downloaded barcodes match included spatial positions; cause of count difference not independently established."
